type,category,short,long,user,logo,link,description
,Biodiversity time series,COMADRE,COMADRE Animal Matrix Database,core,,https://compadre-db.org/Data/Comadre,Repository of animal matrix population models and associated metadata.
,Biodiversity time series,COMPADRE,COMPADRE Plant Matrix Database,core,compadre.png,https://compadre-db.org/,"Repository of plant matrix population models and associated life-history, environmental and study metadata."
,Biodiversity time series,GPDD,Global Population Dynamics Database,core,,https://knb.ecoinformatics.org/view/doi:10.5063/F1BZ63Z8,Compilation of animal and plant population time series from published and unpublished studies.
,Biodiversity time series,ILTER,International Long Term Ecological Research Network,core,ilter.png,https://www.ilter.network/,International federation of national and regional long-term ecological research networks and sites.
,Biodiversity time series,LPD/LPI,Living Planet Database and Index,core,,https://www.livingplanetindex.org/,Database of vertebrate population time series underpinning the Living Planet Index.
,Biodiversity time series,Movebank,Movebank,core,logo-movebank.png,https://www.movebank.org/,"Global platform for managing, sharing and archiving animal movement and bio-logging data."
,Biodiversity time series,popler,popler,core,,https://popler.is/,Database and R package providing population-abundance time series from the US Long Term Ecological Research network.
,Biodiversity time series,BioTIME,BioTIME 2.0,core,biotime_cent.png,https://biotime.st-andrews.ac.uk/,A global database of modern assemblage time series for quantifying and understanding biodiversity change.
,Biodiversity time series,BDT,BioDeepTime,core,BioDeepTime-Logo-rgb.svg,https://biodeeptime.github.io/,Harmonised database of modern and fossil assemblage time series for comparison across ecological and geological timescales.
,Bioregionalization,Marine regions,Marine Regions,core,marineregionstext.png,https://www.marineregions.org/,"Standardised marine gazetteer and boundary data including seas, EEZs and named places."
,Biotic interactions,GloBI,Global Biotic Interactions,core,globi.svg,https://globalbioticinteractions.org/,Open infrastructure indexing species-interaction records from literature and datasets.
,Climate,CDO,Climate Data Online,core,,https://www.ncei.noaa.gov/cdo-web/,
,Climate,NASA EarthData,NASA EarthData,core,nasa_earthdata.png,https://www.earthdata.nasa.gov/,
,Climate-model simulations and derived paleoclimate layers,CHELSA-TraCE21k,CHELSA-TraCE21k,core,chelsa_trace21k_bio12.png,https://www.chelsa-climate.org/models/chelsa-trace21k,Terrain-informed downscaled transient climate data from the Last Glacial Maximum to the present.
,Climate-model simulations and derived paleoclimate layers,Phanerozoic CESM,Phanerozoic CESM climate dataset,core,,https://www.nature.com/articles/s41597-022-01490-4,High-resolution global Phanerozoic climate simulations at ten-million-year intervals using CESM.
,Climate-model simulations and derived paleoclimate layers,BRIDGE,BRIDGE Phanerozoic HadCM3L simulations,core,bridge.svg,https://www.paleo.bristol.ac.uk/resources/simulations/,Stage-level global palaeoclimate simulations using the HadCM3L coupled atmosphere-ocean-vegetation model.
,Climate-model simulations and derived paleoclimate layers,PaleoClim,PaleoClim,core,paleoclim.jpg,https://www.paleoclim.org/,High-resolution global terrestrial palaeoclimate surfaces for common Pliocene and Quaternary time slices.
,Climate-modeling,Argo,Argo,core,Argo_logo_tallspacer.png,https://argo.ucsd.edu/data/,Global autonomous profiling-float programme measuring upper-ocean physical and biogeochemical conditions.
,Climate-modeling,CMEMS,Copernicus Marine Service,core,,https://data.marine.copernicus.eu/products,"Operational global and regional ocean observations, reanalyses and forecasts."
,Climate-modeling,BioFresh/FIP,Freshwater Information Platform / BioFresh,core,,https://www.freshwaterplatform.eu/,"Freshwater-focused portal for data discovery, atlas products and research networks."
,Climate-modeling,GMED,Global Marine Environment Datasets,core,,https://doi.org/10.1016/j.ecoinf.2018.08.005,"Atlas integrating marine environmental variables, including present, past and future fields."
,Climate-modeling,MARSPEC,MARSPEC,core,,https://www.marspec.org/,Global high-resolution marine environmental layers designed for species-distribution modelling.
,Climate-modeling,SOCAT,Surface Ocean CO2 Atlas,core,,https://www.socat.info/,Quality-controlled global synthesis of surface-ocean carbon dioxide observations.
,Climate-modeling,WOA,World Ocean Atlas,core,woa.png,https://www.ncei.noaa.gov/products/world-ocean-atlas,Objectively analysed global ocean climatologies from quality-controlled profile observations.
,Climate-modeling,Bio-ORACLE,Bio-ORACLE,core,bio-oracle.png,https://www.bio-oracle.org/,"Bio-ORACLE offers essential physical, chemical, biological and topographic data layers with global extent and uniform resolution for modelling the distribution of marine biodiversity."
,Community-composition datasets,BIAD,Biodiversity of Ice-free Antarctica Database,core,,https://esajournals.onlinelibrary.wiley.com/doi/10.1002/ecy.70000,Integrated occurrence database for terrestrial and freshwater biodiversity in Antarctica's ice-free areas.
,Community-composition datasets,ForestGEO,Forest Global Earth Observatory,core,,https://forestgeo.si.edu/,Network of standardised large permanent forest plots repeatedly censusing mapped trees.
,Community-composition datasets,GLAD,Global Ants Database,core,,https://globalants.org/,Collaborative database of ant assemblage abundance and trait data from field studies.
,Community-composition datasets,NEON,National Ecological Observatory Network,core,,https://data.neonscience.org/,"Standardised continental observatory combining organisms, biogeochemistry, remote sensing and environmental measurements."
,Community-composition datasets,PREDICTS,PREDICTS,core,,https://www.nhm.ac.uk/our-science/our-work/biodiversity/predicts.html,Global compilation of local biodiversity samples across land-use and human-pressure gradients.
,Community-composition datasets,RLS,Reef Life Survey,core,,https://reeflifesurvey.com/,Standardised diver-based surveys of reef fishes and mobile invertebrates.
,Community-composition datasets,sPlotOpen,sPlotOpen,core,,https://www.idiv.de/research/projects/splot/splotopen-splot/,Environmentally balanced open subset of global vegetation plots with community composition and trait summaries.
,"Conservation status, threats, and protected areas",AZE,Alliance for Zero Extinction Sites,core,,https://zeroextinction.org/,Sites containing the last or overwhelmingly important populations of highly threatened species.
,"Conservation status, threats, and protected areas",GISD,Global Invasive Species Database,core,issg.png,http://www.iucngisd.org/gisd/,"Species profiles on invasive organisms, impacts, pathways, distributions and management."
,"Conservation status, threats, and protected areas",GRIIS,Global Register of Introduced and Invasive Species,core,,https://www.gbif.org/publisher/cdef28b1-db4e-4c58-aa71-3c5238c2d0b5,Country-level validated checklists of introduced and invasive alien species.
,"Conservation status, threats, and protected areas",RLE,IUCN Red List of Ecosystems,core,,https://iucnrle.org/,Risk-assessment framework and database for ecosystem collapse.
,"Conservation status, threats, and protected areas",IUCN Red List,IUCN Red List of Threatened Species,core,,https://www.iucnredlist.org/,"Global extinction-risk assessment infrastructure with taxonomy, ranges, habitats, threats and actions."
,"Conservation status, threats, and protected areas",Natura 2000,Natura 2000,core,natura2000.png,https://www.eea.europa.eu/data-and-maps/data/natura-14,Official spatial database of sites protected under the EU Birds and Habitats Directives.
,"Conservation status, threats, and protected areas",WDPA,Protected Planet / World Database on Protected Areas,core,,https://www.protectedplanet.net/en/thematic-areas/wdpa,Official global database of protected areas reported by governments and other authorities.
,"Conservation status, threats, and protected areas",Species+,Species+,core,,https://speciesplus.net/,"Authoritative portal combining CITES, CMS and related legal listings and controls."
,"Conservation status, threats, and protected areas",WDKBA,World Database of Key Biodiversity Areas,core,,https://www.keybiodiversityareas.org/,Global inventory of sites contributing significantly to biodiversity persistence under the KBA Standard.
,"Conservation status, threats, and protected areas",WD-OECM,World Database on OECMs,core,,https://www.protectedplanet.net/en/thematic-areas/oecms,Global database of recognised other effective area-based conservation measures outside formal protected areas.
,Disturbance,GFA,Global Fire Atlas,core,,,"Event-level atlas tracking individual fire spread, duration, speed and size."
,Disturbance,GFED,Global Fire Emissions Database,core,,https://www.globalfiredata.org/,"Global burned-area, fire-emission and carbon products integrating satellites and biogeochemical modelling."
,Disturbance,GFW,Global Fishing Watch,core,,https://globalfishingwatch.org/datasets-and-code/,Global vessel-activity and fishing-effort data from satellite tracking and machine-learning classification.
,Disturbance,HFP,Global Human Footprint,core,,https://datadryad.org/dataset/doi:10.5061/dryad.ttdz08m1f,"Composite index of cumulative terrestrial human pressure from settlement, population, infrastructure, agriculture and access."
,Disturbance,gHM,Global Human Modification,core,,https://gee-community-catalog.org/projects/ghm-v3/,Continuous global index estimating terrestrial landscape modification intensity.
,Disturbance,GRIP,Global Roads Inventory Project,core,,https://www.globio.info/download-grip-dataset,Harmonised global road-network dataset from national and global sources.
,Disturbance,MCD64A1,MODIS Burned Area,core,,https://lpdaac.usgs.gov/products/mcd64a1v061/,Monthly global burned-area product based on MODIS reflectance and active fires.
,Disturbance,WorldPop,WorldPop,core,worldpop.png,https://www.worldpop.org/,High-resolution gridded population estimates and demographic products.
,Earth-system and biodiversity model outputs,BES-SIM,Biodiversity and Ecosystem Services Scenario-based Intercomparison of Models,core,,https://bes-sim.net/,Model intercomparison projecting biodiversity and ecosystem services under shared land-use and climate scenarios.
,Earth-system and biodiversity model outputs,CMIP6,Coupled Model Intercomparison Project Phase 6,core,,https://pcmdi.llnl.gov/CMIP6/,Coordinated archive of global climate and Earth-system model simulations under common experiments and scenarios.
,Earth-system and biodiversity model outputs,eBird S&T,eBird Status and Trends,core,,https://science.ebird.org/status-and-trends,"Machine-learning products transforming eBird checklists into weekly abundance, distributions and trends."
,Earth-system and biodiversity model outputs,GLOBIO,GLOBIO,core,globio.png,https://www.globio.info/,Global biodiversity model estimating mean species abundance and ecosystem impacts from human pressures.
,Earth-system and biodiversity model outputs,ISIMIP,Inter-Sectoral Impact Model Intercomparison Project,core,,https://data.isimip.org/,Framework and repository for harmonised climate-impact simulations across biodiversity and other sectors.
,Food webs and ecological networks,trophiCH,trophiCH,core,,https://www.nature.com/articles/s41597-024-04304-x,Species-level Swiss metaweb integrating trophic interactions across multiple organism groups.
,Food webs and ecological networks,Web of Life,Web of Life Ecological Networks Database,core,,https://www.web-of-life.es/,"Curated portal of ecological networks including pollination, seed dispersal, host-parasite and food webs."
,Food webs and ecological networks,Mangal,Mangal Ecological Interactions Database,core,,https://mangal.io/,Database and data standard for georeferenced ecological interaction networks with study context.
,Functional diversity data,GIFT,Global Inventory of Floras and Traits,core,,https://gift.uni-goettingen.de/,"Database of regional plant checklists linked to geography, environment and species traits."
,Functional diversity data,OTN,Open Traits Network dataset registry,core,,https://opentraits.org/datasets.html,"Community registry of trait datasets, standards and tools across taxa."
,Functional diversity data,TraitBank,TraitBank,core,,https://eol.org/traitbank,Encyclopedia of Life infrastructure aggregating structured trait and ecological association statements.
portal,General Repository,Zenodo,Zenodo,core,zenodo.svg,https://zenodo.org/,General scientific data repository
portal,General Repository,figshare,figshare,core,figshare.png,https://figshare.com/,General scientific data repository
portal,General Repository,Dryad,Dryad,core,dryad.png,https://datadryad.org/,General scientific data repository
,Genetic sequences,BOLD,Barcode of Life Data System,core,,https://www.boldsystems.org/,"Platform integrating DNA barcode sequences, specimen images, taxonomy and collection locality data."
,Genetic sequences,ENA,European Nucleotide Archive,core,,https://www.ebi.ac.uk/ena/browser/home,"European archive for nucleotide sequences, raw reads, assemblies and sample metadata within INSDC."
,Genetic sequences,MGnify,MGnify,core,,https://www.ebi.ac.uk/metagenomics/,EMBL-EBI platform that analyses microbiome sequence datasets and provides standardised taxonomic and functional outputs.
,Genetic sequences,MIDORI2,MIDORI2,core,,https://www.reference-midori.info/,"Curated reference sequences for 15 eukaryotic mitochondrial genes, designed for taxonomic assignment of metabarcoding data."
,Genetic sequences,PR2,Protist Ribosomal Reference database,core,,https://pr2-database.org/,Curated 18S rRNA reference database focused on protists and other microbial eukaryotes.
,Genetic sequences,SRA,Sequence Read Archive,core,,https://www.ncbi.nlm.nih.gov/sra,"Archive of raw high-throughput sequencing reads linked to studies, experiments and samples."
,Genetic sequences,SILVA,SILVA ribosomal RNA database,core,,https://www.arb-silva.de/,"Quality-checked, aligned small- and large-subunit ribosomal RNA sequence reference datasets across cellular life."
,Genetic sequences,UNITE,UNITE,core,,https://unite.ut.ee/,Curated fungal ITS reference database organised into species hypotheses with persistent identifiers.
,Genetic sequences,GenBank,GenBank,core,,https://www.ncbi.nlm.nih.gov/genbank/,Annotated public nucleotide sequence archive and US member of the International Nucleotide Sequence Database Collaboration.
,Genetic-distance datasets,MacroPopGen,MacroPopGen,core,,https://www.nature.com/articles/s41597-021-00894-8,Georeferenced compilation of vertebrate population-genetic differentiation studies across the Americas.
,"Host-parasite, plant-pollinator, predator-prey, and symbiotic interaction",DoPI,Database of Pollinator Interactions,core,,https://globalbioticinteractions.org/,Compilation of plant-pollinator interactions from published and unpublished studies.
,"Host-parasite, plant-pollinator, predator-prey, and symbiotic interaction",Global beeâplant,Global beeâplant interaction dataset,core,,https://www.nature.com/articles/s41597-026-06620-4,"Global synthesis of documented beeâplant interactions assembled from databases, literature and collections."
,"Host-parasite, plant-pollinator, predator-prey, and symbiotic interaction",NHM HPD,NHM Host-Parasite Database,core,,https://www.nhm.ac.uk/research-curation/scientific-resources/taxonomy-systematics/host-parasites/,"Curated host-parasite associations, particularly helminths and vertebrate hosts, compiled from taxonomic literature."
,Hydrology and drainage networks,GLWD,Global Lakes and Wetlands Database,core,,https://www.worldwildlife.org/pages/global-lakes-and-wetlands-database,"Global inventory of lakes, reservoirs, rivers and wetlands assembled from multiple maps."
,Hydrology and drainage networks,GRanD,Global Reservoir and Dam Database,core,,https://www.globaldamwatch.org/grand/,Georeferenced global database of large dams and reservoirs with attributes.
,Hydrology and drainage networks,GRDC,Global Runoff Data Centre,core,,https://www.bafg.de/GRDC/EN/Home/homepage_node.html,International archive of river-discharge observations supplied by national hydrological services.
,Hydrology and drainage networks,HydroATLAS,HydroATLAS,core,,https://www.hydrosheds.org/hydroatlas,"Compendium of hydro-environmental attributes for sub-basins, river reaches and lakes."
,Hydrology and drainage networks,HydroBASINS,HydroBASINS,core,,https://www.hydrosheds.org/products/hydrobasins,Nested global watershed and sub-basin polygons within the HydroSHEDS framework.
,Hydrology and drainage networks,HydroLAKES,HydroLAKES,core,,https://www.hydrosheds.org/products/hydrolakes,Global polygon inventory of lakes and reservoirs with geometric and hydrological attributes.
,Hydrology and drainage networks,HydroSHEDS,HydroSHEDS,core,,https://www.hydrosheds.org/products,"Global hydrologically conditioned elevation, flow direction and accumulation data family."
,Hydrology and drainage networks,GSW,JRC Global Surface Water,core,,https://global-surface-water.appspot.com/,"Landsat-derived maps of surface-water occurrence, seasonality and long-term change."
,Hydrology and drainage networks,MERIT Hydro,MERIT Hydro,core,,http://hydro.iis.u-tokyo.ac.jp/~yamadai/MERIT_Hydro/,"High-resolution global flow direction, accumulation, river width and hydrography."
,Integrated multi-source biodiversity data products,CESTES,CESTES,core,,https://www.nature.com/articles/s41597-019-0344-7,"Global metacommunity database packaging community composition, traits, environmental variables and spatial coordinates."
,Integrated multi-source biodiversity data products,DGS-BCM,Database of Global Data Sources for Biodiversity Conservation and Monitoring,core,,https://www.nature.com/articles/s41597-023-01958-7,Structured catalogue of datasets relevant to biodiversity conservation and monitoring.
,Integrated multi-source biodiversity data products,DataONE,DataONE,core,,https://search.dataone.org/data,"Federated discovery and preservation infrastructure for ecological, environmental and Earth-science datasets."
,Integrated multi-source biodiversity data products,EarthEnv,EarthEnv,core,,https://www.earthenv.org/,Collection of global environmental layers prepared for biodiversity and ecosystem modelling.
,Integrated multi-source biodiversity data products,Global Biodiversity Portal,EMBL-EBI Global Biodiversity Portal,core,,https://www.ebi.ac.uk/biodiversity/,Portal connecting biodiversity occurrence and taxonomic knowledge with molecular and genomic resources at EMBL-EBI.
,Integrated multi-source biodiversity data products,EDI,Environmental Data Initiative,core,,https://portal.edirepository.org/nis/home.jsp,"Curated repository and data portal for ecological and environmental datasets, with strong US LTER participation."
,Integrated multi-source biodiversity data products,GBIF cubes,GBIF Occurrence Cubes,core,,https://www.gbif.org/news/5PapgYCsbHPe7UWmEQTc5a/better-than-the-original-new-sql-based-service-enables-download-of-occurrence-data-cubes,"Server-side SQL-derived aggregated occurrence cubes with user-selected taxonomic, spatial and temporal dimensions."
,Integrated multi-source biodiversity data products,LifeWatch,LifeWatch ERIC,core,,https://www.lifewatch.eu/,"European distributed research infrastructure providing virtual laboratories, data services and biodiversity observatories."
,Integrated multi-source biodiversity data products,palaeoverse,palaeoverse,core,,https://palaeoverse.org/,"Open R ecosystem, teaching resources and curated datasets for palaeobiological analysis."
,Integrated multi-source biodiversity data products,UNBL,UN Biodiversity Lab,core,,https://unbiodiversitylab.org/,"Global geospatial platform combining biodiversity, conservation, climate and sustainable-development layers for national planning."
,"Land cover, vegetation, habitats, and biomes",Dynamic World,Dynamic World,core,,https://dynamicworld.app/,Near-real-time probabilistic 10 m global land-cover product from Sentinel-2.
,"Land cover, vegetation, habitats, and biomes",WorldCover,ESA WorldCover,core,,https://esa-worldcover.org/en,Global 10 m land-cover maps for 2020 and 2021 from Sentinel-1 and Sentinel-2.
,"Land cover, vegetation, habitats, and biomes",GFC/Hansen,Global Forest Change,core,,https://glad.earthengine.app/view/global-forest-change,Global 30 m tree cover and annual forest-loss products derived from Landsat.
,"Land cover, vegetation, habitats, and biomes",GFMT,Global Map of Forest Types,core,,https://data.apps.fao.org/catalog/dataset/global-map-of-forest-types-2020,"Global map distinguishing naturally regenerating forests, planted forests and plantation types."
,"Land cover, vegetation, habitats, and biomes",HYDE,History Database of the Global Environment,core,,https://www.pbl.nl/en/image/research-projects/hyde,"Long-term gridded reconstructions of population, cropland, grazing and built-up land."
,"Land cover, vegetation, habitats, and biomes",GET,IUCN Global Ecosystem Typology,core,,https://global-ecosystems.org/,"Hierarchical classification of terrestrial, freshwater, marine and subterranean ecosystem types."
,"Land cover, vegetation, habitats, and biomes",LUH2,Land-Use Harmonization 2,core,,https://luh.umd.edu/,Historical and future global gridded land-use states and transitions harmonised for CMIP6.
,"Land cover, vegetation, habitats, and biomes",MapBiomas,MapBiomas,core,,https://mapbiomas.org/,Collaborative annual land-cover and land-use mapping using regionally trained classifications.
,"Land cover, vegetation, habitats, and biomes",MCD12Q1,MODIS Land Cover Type,core,,https://lpdaac.usgs.gov/products/mcd12q1v061/,Annual global land-cover classification under multiple schemes.
,"Land cover, vegetation, habitats, and biomes",RESOLVE ecoregions,RESOLVE Terrestrial Ecoregions,core,,https://ecoregions.appspot.com/,Updated global terrestrial ecoregion polygons and biome classification.
,Modern climate and environmental data,BEST,Berkeley Earth Surface Temperature,core,,https://berkeleyearth.org/data/,Global land and ocean temperature analysis with station and gridded products.
,Modern climate and environmental data,ERA5-Land,ERA5-Land,core,,https://cds.climate.copernicus.eu/datasets/reanalysis-era5-land,High-resolution land reanalysis generated by replaying ERA5 atmospheric forcing.
,Modern climate and environmental data,GHCN-D,Global Historical Climatology Network Daily,core,,https://www.ncei.noaa.gov/products/land-based-station/global-historical-climatology-network-daily,Quality-controlled global archive of daily weather-station observations.
,Modern climate and environmental data,TerraClimate,TerraClimate,core,,https://www.climatologylab.org/terraclimate.html,Monthly global terrestrial climate and water-balance dataset combining spatial climatology with temporal anomalies.
,Modern climate and environmental data,IPCC Atlas,IPCC WGI Interactive Atlas,core,ipcc_atlas.png,https://interactive-atlas.ipcc.ch/,
,Modern climate and environmental data,ESGF,Earth System Grid Federation,core,ESGF_Modeling_01-1055379876.png,https://esgf.github.io/,Primary access point of climate simulation data of the CMIP project.
,Modern climate and environmental data,CHELSA,CHELSA,core,chelsa_logo.gif,https://chelsa-climate.org/,"High-resolution terrain-informed global land climate products spanning climatologies, histories and projections."
,Modern climate and environmental data,CRU TS,CRU Time-Series,core,,https://crudata.uea.ac.uk/cru/data/hrg/,Monthly station-based gridded global land-climate record extending from 1901.
,Modern climate and environmental data,HadISST,Hadley Centre Sea Ice and Sea Surface Temperature data set,core,hadisst.png,https://www.metoffice.gov.uk/hadobs/hadisst/,Monthly sea surface temperature and ice cover.
,Modern climate and environmental data,WorldClim,WorldClim,core,worldclim.png,https://www.worldclim.org/,Global gridded climate surfaces and downscaled future projections widely used in ecology.
,Modern Geography,ArcticDEM,ArcticDEM,core,,https://www.pgc.umn.edu/data/arcticdem/,"High-resolution, time-stamped digital surface models and mosaics for the Arctic."
,Modern Geography,COP-DEM,Copernicus DEM,core,,https://dataspace.copernicus.eu/explore-data/data-collections/copernicus-contributing-missions/collections-description/COP-DEM,Global digital surface model derived from edited WorldDEM data.
,Modern Geography,FABDEM,FABDEM,core,,https://data.bris.ac.uk/data/dataset/s5hqmjcdj8yo2ibzi9b4ew3sn,Global 30 m elevation model derived by removing estimated forest and building height biases from Copernicus DEM.
,Modern Geography,MERIT DEM,MERIT DEM,core,,http://hydro.iis.u-tokyo.ac.jp/~yamadai/MERIT_DEM/,"Global elevation model corrected for absolute bias, striping, speckle and tree-height bias."
,Modern Geography,OpenTopography,OpenTopography,core,,https://opentopography.org/,"Portal providing access, subsetting and processing for global and regional elevation datasets, including lidar and satellite DEMs."
,Modern Geography,PaleoPhys,Paleo-Physiography Project,core,,https://www.hydroshare.org/resource/bbf65a3ba448456b8a7f2e2bb5e59733/,"High-resolution global palaeo-physiography, drainage and landscape-evolution outputs."
,Modern Geography,REMA,Reference Elevation Model of Antarctica,core,,https://www.pgc.umn.edu/data/rema/,"Continental high-resolution Antarctic surface-elevation mosaics, strips and time-dependent products."
,Modern Geography,SRTM,Shuttle Radar Topography Mission,core,,https://www.earthdata.nasa.gov/data/instruments/srtm,Near-global radar-derived digital elevation model.
,Modern Geography,EMODnet Bathymetry,EMODnet Bathymetry,core,,https://emodnet.ec.europa.eu/en/bathymetry,"Harmonised bathymetric digital terrain model for European seas, with source metadata and higher-resolution local products."
,Modern Geography,GMRT,Global Multi-Resolution Topography,core,,https://www.gmrt.org/,Multi-resolution global synthesis combining curated ship-based multibeam bathymetry with satellite-derived and terrestrial elevation data.
,Modern Geography,SRTM15+,SRTM15+,core,,https://topex.ucsd.edu/WWW_html/srtm15_plus.html,"Global 15 arc-second grid combining predicted seafloor topography, ship soundings and terrestrial elevation."
,Modern Geography,Straume,Straume et al. Cenozoic palaeobathymetry,core,,https://www.earthbyte.org/paleobathymetry-models/,One-million-year global Cenozoic palaeobathymetry and topography reconstruction.
,Modern Geography,Natural Earth,Natural Earth,core,naturalearth.png,https://www.naturalearthdata.com/,"Natural Earth title= Free vector and raster map data at 1:10m, 1:50m, and 1:110m scales"
,Modern Geography,ETOPO,ETOPO Global Relief Model,core,etopo.jpg,https://www.ncei.noaa.gov/products/etopo-global-relief-model,"The ETOPO Global Relief Model integrates topography, bathymetry, and shoreline data from regional and global datasets to enable comprehensive, high resolution renderings of geophysical characteristics of the earthâs surface."
,Modern Geography,GEBCO,GEBCO Grid,core,,https://www.gebco.net/data-products/gridded-bathymetry-data,Global ocean and land terrain grid from the General Bathymetric Chart of the Oceans.
portal,Morphology,Sketchfab,Sketchfab,core,,https://sketchfab.com/,Repository for 3D Models and Data
,Morphology,MorphoSource,MorphoSource,core,morphosource-33296362.png,https://www.morphosource.org/,"Find, view, and download 3D data representing the world's natural history, cultural heritage, and scientific collections."
,Morphology,MorphoBank,MorphoBank,core,morphobank.png,https://www.morphobank.org/,"Repository and collaborative platform for morphological character matrices, specimen images and phylogenetic projects."
,Occurrence records,ALA,Atlas of Living Australia,core,,https://www.ala.org.au/,"National infrastructure integrating Australian occurrences, collections, citizen science and spatial layers."
,Occurrence records,BIEN,Botanical Information and Ecology Network,core,,https://bien.nceas.ucsb.edu/bien/,"Versioned plant-data infrastructure integrating occurrences, vegetation plots, taxonomy and trait observations."
,Occurrence records,IBP,India Biodiversity Portal,core,,https://indiabiodiversity.org/,"Participatory Indian biodiversity portal integrating species pages, observations, maps and citizen-science groups."
,Occurrence records,NBN Atlas,NBN Atlas,core,,https://nbnatlas.org/,"United Kingdom biodiversity portal integrating occurrence records, species information, datasets and spatial layers."
,Occurrence records,biodiversity.aq,SCAR Antarctic Biodiversity Portal,core,,https://www.biodiversity.aq/,"Antarctic biodiversity portal providing occurrence, environmental and data-discovery services through the Scientific Committee on Antarctic Research."
,Occurrence records,SiB Colombia,SiB Colombia,core,,https://sibcolombia.net/,Colombia's national biodiversity data network and GBIF node.
,Occurrence records,SANBI-GBIF,South African National Biodiversity Institute GBIF Node,core,,https://www.sanbi-gbif.org/,National portal and mobilisation network for South African biodiversity records.
,Occurrence records,speciesLink,speciesLink Network,core,,https://specieslink.net/,"Brazilian network integrating natural-history collections, observations and images."
,Occurrence records,GBDB,Geobiodiversity Database,core,gbdb.png,http://www.geobiodiversity.com/,Fossil occurrence and stratigraphic-section database with particularly strong Chinese and East Asian coverage.
,Occurrence records,Neotoma,Neotoma Paleoecology Database,core,packrat-logo.svg,https://www.neotomadb.org/,"Community-curated multiproxy palaeoecological database organised around sites, datasets, samples, chronology and observations."
,Occurrence records,NSB,Neptune Sandbox Berlin,core,neptunedb.png,https://zenodo.org/records/10063218,Marine planktonic microfossil occurrence and deep-sea stratigraphy database built from ocean-drilling cores.
,Occurrence records,NOW,New and Old Worlds Fossil Mammal Database,core,now.png,https://paleobiodb.org/,"Database of Cenozoic land-mammal localities, faunal lists, taxonomy and selected ecological or morphological attributes."
,Occurrence records,PBDB,The Paleobiology Database,core,paleobiodb.png,https://www.paleo-reefs.pal.uni-erlangen.de/,"Community-curated global database of fossil occurrences, collections, taxonomy, stratigraphy, environments and references."
,Occurrence records,PARED,PaleoReefs Database,core,paleoreefs.png,,"Standardised compilation of Phanerozoic reef sites with geological, palaeogeographic and biological attributes."
,Occurrence records,PBot,Integrative Paleobotany Portal,core,pbot.png,https://pbot.paleobiodb.org/,
,Occurrence records,Triton,The Triton Database,core,Triton.png,https://springernature.figshare.com/articles/dataset/Metadata_record_for_Triton_a_new_species-level_database_of_Cenozoic_planktonic_foraminiferal_occurrences/14655564,
,Occurrence records,Sepkoski,Sepkoski's Fossil Marine Animal Genera Compendium,core,,https://sepkoski.palaeoverse.org/,Static genus-level compilation of first and last stratigraphic appearances for marine animal genera.
,Occurrence records,eBird,eBird,core,ebird.svg,https://ebird.org/data/download,"Global citizen-science bird observation programme based on complete checklists, effort metadata and expert review."
,Occurrence records,GBIF,Global Biodiversity Information Facility,core,gbif.jpg,https://www.gbif.org/,"International infrastructure aggregating specimens, observations, sampling events and checklists under biodiversity data standards."
,Occurrence records,iNaturalist,iNaturalist,core,inaturalist.svg,https://www.inaturalist.org/observations/export,"Crowdsourced georeferenced observations with photographs, sounds and community identifications."
,Occurrence records,iDigBio,Integrated Digitized Biocollections,core,idigbio_logo_0.png,https://www.idigbio.org/portal/search,"US national infrastructure for digitised natural-history specimens, media and collection metadata."
,Occurrence records,OBIS,Ocean Biodiversity Information System,core,obis.jpg,https://obis.org/,"Global marine biodiversity infrastructure with marine-specific event, depth, measurement and regional-node support."
,Occurrence records,VertNet,VertNet,core,VertNet_logo.svg,https://vertnet.org/,Federated vertebrate specimen and observation records from natural-history collections.
,Paleoclimate reconstructions,CenCO2PIP,CenCO2PIP,core,,https://www.cenco2pip.com/,Community-vetted Cenozoic atmospheric CO2 proxy compilation and reconstruction.
,Paleoclimate reconstructions,CENOGRID,CENOGRID,core,,https://doi.pangaea.de/10.1594/PANGAEA.917503,Astronomically tuned global reference composite of benthic foraminiferal carbon and oxygen isotopes.
,Paleoclimate reconstructions,DoD2k,Database of Databases for Common Era Paleoclimate,core,,https://lipdverse.org/,Merged and harmonised database of curated Common Era palaeoclimate compilations.
,Paleoclimate reconstructions,NOAA Paleo,NOAA World Data Service for Paleoclimatology,core,,https://www.ncei.noaa.gov/products/paleoclimatology,General archive for palaeoclimate proxy records and reconstructions from natural archives.
,Paleoclimate reconstructions,PALEOTEMP,Scotese Phanerozoic palaeotemperature curve,core,,https://www.scotese.com/climate.htm,Global mean surface-temperature curve combining oxygen isotopes with lithological and palaeobiological indicators.
,Paleoclimate reconstructions,StabisoDB,StabisoDB,core,stabisodb.png,https://cnidaria.nat.uni-erlangen.de/stabisodb/,
,Paleoclimate reconstructions,PANGAEA,PANGAEA,core,,https://www.pangaea.de/,"Curated data publisher and repository for Earth, environmental and biodiversity data, especially marine and palaeo records."
,Paleoclimate reconstructions,PhanDA,Phanerozoic global surface temperature reconstruction,core,,https://www.science.org/doi/10.1126/science.adk3705,Data-assimilation reconstruction combining proxy SSTs with climate simulations.
,Paleoclimate reconstructions,PhanSST,PhanSST,core,,https://doi.org/10.5281/zenodo.5790387,Global compilation of Phanerozoic sea-surface temperature proxy estimates from several proxy systems.
,Paleogeography and plate-tectonic reconstructions,Cao2017,Cao et al. Phanerozoic paleogeography,core,,https://doi.org/10.1016/j.earscirev.2017.09.001,Series of global paleogeographic maps showing coastlines and major mountain belts.
,Paleogeography and plate-tectonic reconstructions,EarthByte,EarthByte global plate models,core,earthbyte.png,https://www.earthbyte.org/category/resources/data-models/,"Repository of global plate-rotation, topology and palaeogeographic models distributed for GPlates."
,Paleogeography and plate-tectonic reconstructions,GPlates,GPlates,core,,https://www.gplates.org/,"Open-source software and data framework for reconstructing plate motions, geological features and rasters through time."
,Paleogeography and plate-tectonic reconstructions,Marcilly2022,Marcilly et al. Phanerozoic paleocoastlines,core,,https://doi.org/10.1016/j.earscirev.2022.104193,Global paleogeographic reconstruction of paleocoastlines using an updated plate model in a palaeomagnetic frame.
,Paleogeography and plate-tectonic reconstructions,Merdith2021,Merdith et al. global reconstruction,core,,https://www.earthbyte.org/webdav/ftp/Data_Collections/Merdith_etal_2021_Gondwana/,Full-plate global reconstruction spanning the Neoproterozoic and Phanerozoic in a palaeomagnetic reference frame.
,Paleogeography and plate-tectonic reconstructions,Paleolatitude,Paleolatitude.org,core,,https://paleolatitude.org/,Web service for reconstructing palaeocoordinates of localities under selectable plate models.
,Paleogeography and plate-tectonic reconstructions,PaleoAtlas,PALEOMAP PaleoAtlas for GPlates,core,,https://www.earthbyte.org/paleomap-paleoatlas-for-gplates/,Time-dependent raster atlas of global palaeogeographic maps loadable into GPlates.
,Paleogeography and plate-tectonic reconstructions,Deep Time Maps,Deep Time Maps,core,,https://deeptimemaps.com/,
,Paleogeography and plate-tectonic reconstructions,ERDA,EarthRef Digital Archive,core,,https://earthref.org/ERDA/,"Archive of Earth-science datasets including palaeomagnetic, geochemical and palaeogeographic products."
,Paleogeography and plate-tectonic reconstructions,Gplates Web Service,Gplates Web Service,core,gws.png,https://gwsdoc.gplates.org/,
,Paleogeography and plate-tectonic reconstructions,PALEOMAP,PALEOMAP Project,core,paleomap.gif,https://www.scotese.com/,"Long-running project providing plate-tectonic, palaeogeographic, palaeoclimatic and biogeographic reconstructions."
,Phylogenies,OpenTree,Open Tree of Life,core,,,Synthetic tree combining published phylogenies with a comprehensive taxonomic backbone and source mappings.
,Phylogenies,PhylomeDB,PhylomeDB,core,,http://phylomedb.org/,"Repository of complete collections of gene phylogenies, alignments and orthology/paralogy predictions for sequenced genomes."
,Phylogenies,TreeBASE,TreeBASE,core,,https://www.treebase.org/,"Repository for published phylogenetic trees, character matrices and study metadata."
,Phylogenies,Phylacine,The Phylogenetic Atlas of Mammal Macroecology,core,phylacine.png,https://megapast2future.github.io/PHYLACINE_1.2/,
,Population-genetic and phylogeographic data,DToL,Darwin Tree of Life,core,,https://www.darwintreeoflife.org/,Programme producing high-quality reference genomes for eukaryotic species of Britain and Ireland.
,Population-genetic and phylogeographic data,EBP,Earth BioGenome Project,core,,https://www.earthbiogenome.org/,Global network coordinating reference-genome sequencing across eukaryotic biodiversity.
,Population-genetic and phylogeographic data,EVA,European Variation Archive,core,,https://www.ebi.ac.uk/eva/,"Open repository for genetic variation data across non-human species, linked to assemblies, samples and studies."
,Population-genetic and phylogeographic data,GenDivRange,GenDivRange,core,,https://gendivrange.org/,Global georeferenced compilation linking within-population genetic diversity estimates to species ranges.
,Population-genetic and phylogeographic data,GEOME,Genomic Observatories Metadatabase,core,,https://geome-db.org/,Repository for georeferenced biological sample metadata linked to sequence accessions.
,Population-genetic and phylogeographic data,GGBN,Global Genome Biodiversity Network,core,,https://www.ggbn.org/,"Federated portal exposing genomic DNA, tissue, environmental samples and voucher links in biodiversity biobanks."
,Population-genetic and phylogeographic data,VGP,Vertebrate Genomes Project,core,,https://vertebrategenomesproject.org/,International project generating high-quality reference genomes across vertebrate diversity.
,Publication-specific datasets not represented by a major infrastructure,EutherianCoP,EutherianCoP,core,,,"Integrated Late PleistoceneâHolocene placental-mammal dataset combining fossil and modern occurrences, traits and environmental data."
,Publication-specific datasets not represented by a major infrastructure,MEGA14C,MEGA14C,core,,,Holarctic database of radiocarbon dates for large mammals.
,Publication-specific datasets not represented by a major infrastructure,WOODIV,WOODIV v2,core,,,"Integrated Euro-Mediterranean woody-plant resource combining deduplicated occurrences, traits and a dated phylogeny."
,Publication-specific datasets not represented by a major infrastructure,FAUNMAP,FAUNMAP,core,,https://ucmp.berkeley.edu/faunmap/,Archival North American late Cenozoic mammal locality and assemblage database.
,"Soils, geology, lithology, and substrate",GLHYMPS,GLobal HYdrogeology MaPS,core,,https://doi.org/10.5683/SP2/DLGXYO,Global permeability and porosity maps derived from lithology and hydrogeological information.
,"Soils, geology, lithology, and substrate",GLiM,Global Lithological Map,core,,https://doi.pangaea.de/10.1594/PANGAEA.788537,Global vector map of surface lithology harmonised into standard rock classes.
,"Soils, geology, lithology, and substrate",HWSD,Harmonized World Soil Database v2,core,,https://www.fao.org/soils-portal/data-hub/soil-maps-and-databases/harmonized-world-soil-database-v20/en/,Global raster soil inventory linking mapping units to harmonised physical and chemical attributes.
,"Soils, geology, lithology, and substrate",OneDZ,OneDZ detrital zircon database,core,,https://essd.copernicus.org/articles/18/3671/2026/,Very large global compilation of detrital zircon U-Pb and Lu-Hf records extracted from publications.
,"Soils, geology, lithology, and substrate",SoilGrids,SoilGrids,core,,https://isric.org/explore/soilgrids,Machine-learning global predictions of soil properties at standard depths with uncertainty.
,"Soils, geology, lithology, and substrate",WoSIS,World Soil Information Service,core,,https://www.isric.org/explore/wosis,Quality-assessed global database of georeferenced soil-profile observations.
,Species distributions and range maps,GABI,AntMaps / Global Ant Biodiversity Informatics,core,,https://antmaps.org/,"Global synthesis of ant species distributions assembled from literature, databases and expert curation."
,Species distributions and range maps,MOL,Map of Life,core,,https://mapoflife.ai/,"Integrated platform combining occurrences, expert ranges, checklists and environmental data into distribution and indicator products."
,Species distributions and range maps,AquaMaps,AquaMaps,core,aquamaps.png,https://www.aquamaps.org/,Model-generated global aquatic species distribution maps using environmental envelopes and expert review.
,Species distributions and range maps,BirdLife maps,BirdLife Species Distribution Maps,core,,https://datazone.birdlife.org/dataset-information,Expert range maps and conservation information for the world's birds using BirdLife taxonomy.
,Species distributions and range maps,FEOW,Freshwater Ecoregions of the World,core,,https://www.feow.org/,"Global freshwater ecoregion framework delineated using fish distributions and hydrographic boundaries, with associated biodiversity information."
,Species distributions and range maps,IUCN ranges,IUCN Red List Spatial Data,core,iucn.webp,https://www.iucnredlist.org/resources/spatial-data-download,Expert-reviewed distribution polygons and assessment attributes for taxa assessed by the IUCN Red List.
,Species distributions and range maps,MEOW,Marine Ecoregions of the World,core,,https://www.worldwildlife.org/publications/marine-ecoregions-of-the-world-a-bioregionalization-of-coastal-and-shelf-areas,"Global nested classification of coastal and shelf marine areas into realms, provinces and ecoregions."
,Species distributions and range maps,PPOW,Pelagic Provinces of the World,core,,,
,Species distributions and range maps,G200,Global 200 Ecoregions,core,,,
,Species distributions and range maps,Biodiversiy hotspots,Biodiversity Hotspots (sensu Myers et al.),core,,,
,Stratigraphy,OneGeology,OneGeology,core,,https://onegeology.org/,International portal providing interoperable access to geological maps from national surveys.
,Stratigraphy,Chinalex,China Lexicon of Stratigraphic Units,core,generic.svg,https://chinalex.geolex.org/,
,Stratigraphy,Geolex,International Geology Website and Database,core,,https://geolex.org/,
,Stratigraphy,GeoWhen,The GeoWhen Database,core,geowhen.gif,https://timescalefoundation.org/resources/geowhen/geolist.html,
,Stratigraphy,ICC,International Chronostratigraphic Chart,core,,https://stratigraphy.org/chart/,Official International Commission on Stratigraphy hierarchy and numerical boundary ages for chronostratigraphic and geochronologic units.
,Stratigraphy,Macrostrat,Macrostrat,core,,https://macrostrat.org/,"Geological database integrating stratigraphic columns, geologic maps, rock units, ages and fossil links."
,"Taxonomies, nomenclatural resources, and species checklists",ASW,Amphibian Species of the World,core,,https://amphibiansoftheworld.amnh.org/,"Expert global taxonomic reference for amphibians with nomenclature, distributions and literature."
,"Taxonomies, nomenclatural resources, and species checklists",AviList,AviList: The Global Avian Checklist,core,,https://www.avilist.org/,Consensus global bird taxonomy created by harmonising previously competing world checklists and documenting nomenclatural decisions.
,"Taxonomies, nomenclatural resources, and species checklists",GBIF Backbone,GBIF Backbone Taxonomy,core,,https://www.gbif.org/dataset/d7dddbf4-2cf0-4f39-9b2a-bb099caae36c,Operational taxonomic backbone used to index and interpret GBIF-mediated names.
,"Taxonomies, nomenclatural resources, and species checklists",Index Fungorum,Index Fungorum,core,,https://www.indexfungorum.org/,"Global index of scientific names of fungi, including names of fossil forms, with nomenclatural and bibliographic information."
,"Taxonomies, nomenclatural resources, and species checklists",MDD,Mammal Diversity Database,core,,https://www.mammaldiversity.org/,Versioned taxonomy and distribution checklist for living and recently extinct mammals.
,"Taxonomies, nomenclatural resources, and species checklists",MycoBank,MycoBank,core,,https://www.mycobank.org/,"Authoritative registration and nomenclatural database for fungi, including names, descriptions and linked literature."
,"Taxonomies, nomenclatural resources, and species checklists",NCBI Taxonomy,NCBI Taxonomy,core,,https://www.ncbi.nlm.nih.gov/taxonomy,"Curated classification linking organisms to NCBI sequences, assemblies and samples."
,"Taxonomies, nomenclatural resources, and species checklists",POWO,Plants of the World Online,core,,https://powo.science.kew.org/,"Kew-curated portal integrating accepted plant names, synonymy, distributions, descriptions and uses."
,"Taxonomies, nomenclatural resources, and species checklists",Species Fungorum,Species Fungorum,core,,https://www.speciesfungorum.org/,"Global working list of accepted fungal species names and synonymy, linked to Index Fungorum."
,"Taxonomies, nomenclatural resources, and species checklists",RDB,The Reptile Database,core,,https://reptile-database.reptarium.cz/,"Comprehensive taxonomy of living reptiles with synonymy, literature and broad distributions."
,"Taxonomies, nomenclatural resources, and species checklists",WFO,World Flora Online,core,,https://www.worldfloraonline.org/,Global consensus plant checklist and taxonomic backbone.
,"Taxonomies, nomenclatural resources, and species checklists",Mikrotax,Mikrotax,core,microtax.jpg,https://www.mikrotax.org/,"Expert taxonomic portals for major microfossil groups, with images, synonymies, descriptions and stratigraphic ranges."
,"Taxonomies, nomenclatural resources, and species checklists",AlgaeBase,AlgaeBase,core,algaebase-logo-214.png,https://www.algaebase.org/,"Global taxonomic, nomenclatural, distributional and bibliographic database for algae across marine, freshwater and terrestrial environments."
,"Taxonomies, nomenclatural resources, and species checklists",COL,Catalogue of Life,core,col.jpg,https://www.catalogueoflife.org/,Global taxonomic checklist integrating expert-maintained Global Species Databases into versioned releases.
,"Taxonomies, nomenclatural resources, and species checklists",FishBase,FishBase,core,fishbase.png,https://www.fishbase.se/,"Global species database integrating taxonomy, distribution, ecology, life history, morphology and fisheries information for finfishes."
,"Taxonomies, nomenclatural resources, and species checklists",IFPNI,International Fossil Plant Names Index,core,IFPNI Logo.gif,https://ifpni.org/,
,"Taxonomies, nomenclatural resources, and species checklists",WoRMS,World Register of Marine Species,core,,https://www.marinespecies.org/,"Expert-edited global register of marine names, synonyms and classifications."
,Time-calibrated phylogenies,BirdTree,BirdTree,core,,https://birdtree.org/,Portal distributing global posterior samples of time-calibrated avian phylogenies.
,Time-calibrated phylogenies,FToL,Fish Tree of Life,core,,https://fishtreeoflife.org/,Online phylogenetic framework and taxonomic resources for fishes.
,Time-calibrated phylogenies,GBOTB.extended,GBOTB.extended / V.PhyloMaker2,core,,https://github.com/jinyizju/V.PhyloMaker2,Large vascular-plant megatree and software for attaching missing species using taxonomic rules.
,Time-calibrated phylogenies,TimeTree,TimeTree,core,,https://timetree.org/,Knowledge base synthesising published molecular divergence-time estimates into a time-scaled tree.
,Time-calibrated phylogenies,VertLife,VertLife phylogeny portals,core,,https://vertlife.org/data/,Posterior distributions of dated trees and subtree tools for major vertebrate clades.
,Time-calibrated phylogenies,FCD,Fossil Calibration Database,core,,http://fossilcalibrations.org/,Peer-reviewed records of vetted fossil calibrations tied to phylogenetic nodes and explicit age constraints.
,Traits,Amniote,Amniote Life-History Database,core,,https://datadryad.org/dataset/doi:10.5061/dryad.v28t5,"Harmonised life-history database for birds, mammals and reptiles assembled from previous compilations and literature."
,Traits,AmphiBIO,AmphiBIO,core,,https://www.nature.com/articles/sdata2017123,"Global database of amphibian ecological, morphological and reproductive traits."
,Traits,AusTraits,AusTraits,core,,https://austraits.org/,"Versioned, harmonised plant trait database for the Australian flora with controlled vocabulary and provenance."
,Traits,AVONET,AVONET,core,,https://figshare.com/s/b990722d72a26b5bfead,"Morphological, ecological and geographic traits for all extant bird species, including individual museum measurements."
,Traits,BeeFunc,BeeFunc,core,,https://www.nature.com/articles/s41597-025-04706-3,Harmonised ecological and functional traits for wild bees in France.
,Traits,BIRDBASE,BIRDBASE,core,,https://www.nature.com/articles/s41597-026-06383-0,"Comprehensive avian trait database aligned to AviList, covering morphology, ecology, life history, movement and conservation-relevant attributes."
,Traits,CactEcoDB,CactEcoDB,core,,https://github.com/jamie-thompson/CactEcoDB,"Integrated cactus species dataset combining traits, ranges, environments, phylogeny and diversification metrics."
,Traits,CoRRE Traits,CoRRE Trait Data,core,,https://www.nature.com/articles/s41597-024-03637-x,Plant trait data linked directly to coordinated global-change grassland experiments.
,Traits,EltonTraits,EltonTraits,core,,https://www.mol.org/downloads/,"Species-level diet, foraging stratum, activity and body-mass traits for birds and mammals."
,Traits,FungalTraits,FungalTraits,core,,https://github.com/traitecoevo/fungaltraits,Taxon-level fungal ecological guild and functional-attribute assignments.
,Traits,GlobTherm,GlobTherm,core,,https://datadryad.org/dataset/doi:10.5061/dryad.1cv08,Global compilation of experimentally measured thermal tolerance limits.
,Traits,MammalDIET,MammalDIET,core,,https://datadryad.org/stash/dataset/doi:10.5061/dryad.6ww2k,Global compilation of quantitative and categorical diet preferences for terrestrial mammals.
,Traits,PanTHERIA,PanTHERIA,core,,https://esapubs.org/archive/ecol/E090/184/,"Species-level mammal life-history, ecological and geographic trait compilation."
,Traits,ReptTraits,ReptTraits,core,,https://figshare.com/articles/dataset/ReptTraits/,Global ecological and life-history trait compilation for reptiles.
,Traits,ART DB,Ancient Reef Traits Database,core,art_logo.png,https://www.art.nat.fau.de/,"A searchable database of coral observations, traits, taxonomy, locations and environmental metadata."
,Traits,CoralTraits,Coral Trait Database,core,,https://www.coraltraits.org/,"Community-curated coral trait observations with taxonomy, phylogeny, geography and source metadata."
,Traits,TRY,TRY Plant Trait Database,core,Try41.jpg,https://www.try-db.org/,Global compilation of plant trait measurements contributed by many datasets and standardised to common definitions.
,Traits,PETS,PETS database,core,pets.png,https://pets.nhm.uio.no/PETS/,Trait time series.
,General,Chronosphere,Chronosphere Data Portal,core,chronosphere_500x500.png,https://chronosphere.info/,Version-controlled data
,General,PhyloPic,PhyloPic,core,phylopic.png,https://www.phylopic.org/,An open database of freely reusable silhouettes of life forms
,,,Song et al. Paleotemperatures,core,,,
,,,Halpern et al!,core,,,
